"GTIN";"TPGTIN";"MARCA";"XPROD";"CNPJ_CPF";"IMGURL";"XORIGEM";"XDESTINO";"NCM";"CEST_1";"CEST_2";"CEST_3";"PESOB";"UNIDPESOB";"DSIT"
"7898738300263";"13";"DuSolo";"DuSolo Alho Frito 500g";"35342071000157";"https://cnp30blob.blob.core.windows.net/cnp3files/1c3dfeb71988c61f2a803a1aefedc609ae31763063b8a6d4d0bf24f6667751bd.jpeg";"Brasil";"Brasil";"07032090";"";"";"";"500.000";"GRM";10/02/25 00:00:00,000000000
"7898738300294";"13";"DuSolo";"DuSolo Bicarbonato de Sódio 500g";"35342071000157";"https://cnp30blob.blob.core.windows.net/cnp3files/b959e65990d8c5e44041bb7d588f1bdea849880b0e50524e9e419a94ec5ee41c.jpeg";"Brasil";"Brasil";"28363000";"2806300";"";"";"500.000";"GRM";10/02/25 00:00:00,000000000
"7898738300324";"13";"DuSolo";"DuSolo Cravo da ndia 500g";"35342071000157";"https://cnp30blob.blob.core.windows.net/cnp3files/8943a74bc83ed6113ffcb63d040c47d673d87c44e8e5e2bffa07e38399e02ebf.jpeg";"Brasil";"Brasil";"09071000";"";"";"";"500.000";"GRM";10/02/25 00:00:00,000000000
"7898738300379";"13";"DuSolo";"DuSolo Curry 500g";"35342071000157";"https://cnp30blob.blob.core.windows.net/cnp3files/6c48258468f923e0120ea53471af6f8bf1665afd2f4d9faffdfd71c32ddb05b8.jpeg";"Brasil";"Brasil";"09109900";"";"";"";"500.000";"GRM";10/02/25 00:00:00,000000000
"7898738300409";"13";"DuSolo";"DuSolo Louro em Pó 500g";"35342071000157";"https://cnp30blob.blob.core.windows.net/cnp3files/7fbd7bafea3040e8a9b69d338bf6301f3265dcf94662dcf839d7db1bc1a8ec84.jpeg";"Brasil";"Brasil";"09109900";"";"";"";"500.000";"GRM";10/02/25 00:00:00,000000000
"7899902960979";"13";"HIMAFLEX";"MANGUEIRA JARDIM SUPER FLEXIVEL LARANJA 1 2 quot X 3 00 X 300 M";"07335416000100";"https://cnp30blob.blob.core.windows.net/cnp3files/3ebd6a9ad8f9fa89e6307b19e467a373d0e510b2695fe14a109221572bb9865d.jpeg";"Brasil";"Brasil";"39173900";"";"";"";"0.097";"KGM";10/02/25 00:00:00,000000000
"7899902960986";"13";"HIMAFLEX";"MANGUEIRA JARDIM SUPER FLEXIVEL LARANJA 1 2 quot X 3 00 X 300 M";"07335416000100";"https://cnp30blob.blob.core.windows.net/cnp3files/e0d5fb184095fd8b29ddea36025079705dee1b074e978866faaae98bf583f969.jpeg";"Brasil";"Brasil";"39173900";"";"";"";"0.475";"KGM";10/02/25 00:00:00,000000000
"7899902960993";"13";"HIMAFLEX";"MANGUEIRA JARDIM SUPER FLEXIVEL LARANJA 1 2 quot X 3 00 X 300 M";"07335416000100";"https://cnp30blob.blob.core.windows.net/cnp3files/376d1efd1b0a92e251e0fdd46614af3fcfe4707b5ec5082cdaac39e27a68a576.jpeg";"Brasil";"Brasil";"39173900";"";"";"";"0.475";"KGM";10/02/25 00:00:00,000000000
"7899902961006";"13";"HIMAFLEX";"MANGUEIRA JARDIM SUPER FLEXIVEL LARANJA 1 2 quot X 3 00 X 300 M";"07335416000100";"https://cnp30blob.blob.core.windows.net/cnp3files/9765613ff2af840077f550be065d69c7f1daf45fbe5b0d01cffbb5c7cf012627.jpeg";"Brasil";"Brasil";"39173900";"";"";"";"0.635";"KGM";10/02/25 00:00:00,000000000
"7899902961013";"13";"HIMAFLEX";"MANGUEIRA JARDIM SUPER FLEXIVEL LARANJA 1 2 quot X 3 00 X 300 M";"07335416000100";"https://cnp30blob.blob.core.windows.net/cnp3files/5dfca52ba33def2a377fbcdf6e00443ef88cbc0094df3cb0e49b008dd51287d1.jpeg";"Brasil";"Brasil";"39173900";"";"";"";"0.635";"KGM";10/02/25 00:00:00,000000000
"7899902961020";"13";"HIMAFLEX";"MANGUEIRA JARDIM SUPER FLEXIVEL LARANJA 1 2 quot X 3 00 X 300 M";"07335416000100";"https://cnp30blob.blob.core.windows.net/cnp3files/62f28fba8e0a35721eb5c858c5b6ea5fb1c254b2965dffd387a1a4e9d20be667.jpeg";"Brasil";"Brasil";"39173900";"";"";"";"0.850";"KGM";10/02/25 00:00:00,000000000
"7899902961037";"13";"HIMAFLEX";"MANGUEIRA JARDIM SUPER FLEXIVEL LARANJA 1 2 quot X 3 00 X 300 M";"07335416000100";"https://cnp30blob.blob.core.windows.net/cnp3files/e502e68c667f5f7d5419ad3351e22594488dfa96978c5e4083185116436f7d86.jpeg";"Brasil";"Brasil";"39173900";"";"";"";"0.850";"KGM";10/02/25 00:00:00,000000000
"7899902961044";"13";"HIMAFLEX";"MANGUEIRA JARDIM SUPER FLEXIVEL LARANJA 1 2 quot X 3 00 X 300 M";"07335416000100";"https://cnp30blob.blob.core.windows.net/cnp3files/7c8d757ad3adc3da08d7cd88d9fc770336ed109e35b4d8d9034fbef95b128c8f.jpeg";"Brasil";"Brasil";"39173900";"";"";"";"0.475";"KGM";10/02/25 00:00:00,000000000
"7908053640651";"13";"Allmini";"Caneca Cerâmica 400ml";"37581110000102";"https://cnpprod.blob.core.windows.net/imagesazurecontainer/8fcce61a-bc60-4ef9-931e-2e0270f56106.png";"República Popular da China";"Brasil";"69120000";"1400900";"";"";"10.100";"GRM";17/10/24 00:00:00,000000000
"7898954476315";"13";"Casa das Amêndoas";"Castanha de Caju com Chocolate";"34634345000119";"https://cnpprod.blob.core.windows.net/imagesazurecontainer/1d83c3d9-d4e2-48f8-a076-a5def1c24bdd.png";"Brasil";"Brasil";"08013200";"";"";"";"80.000";"GRM";17/10/24 00:00:00,000000000
"7898954476322";"13";"Casa das Amêndoas";"Avelã com Chocolate";"34634345000119";"https://cnpprod.blob.core.windows.net/imagesazurecontainer/3ad19702-3161-4186-9987-0c63927544f5.png";"Brasil";"Brasil";"08013200";"";"";"";"80.000";"GRM";17/10/24 00:00:00,000000000
"7898954476346";"13";"Casa das Amêndoas";"Amêndoas com Chocolate";"34634345000119";"https://cnpprod.blob.core.windows.net/imagesazurecontainer/9b59dad0-2272-4fb1-a27c-2a0c949c62f7.png";"Brasil";"Brasil";"08012200";"";"";"";"80.000";"GRM";17/10/24 00:00:00,000000000
"7898954476360";"13";"Casa das amêndoas";"Castanha do Pará Granulado kg";"34634345000119";"https://cnpprod.blob.core.windows.net/imagesazurecontainer/3b4ebe42-6a61-4247-8165-c104d1381a80.png";"Brasil";"Brasil";"08012200";"";"";"";"1.000";"KGM";17/10/24 00:00:00,000000000
"7898954476377";"13";"Casa das amêndoas";"Castanha de Caju Granulado 1 kg";"34634345000119";"https://cnpprod.blob.core.windows.net/imagesazurecontainer/d7b7599d-3cb0-454e-bc05-c8107becc32c.png";"Brasil";"Brasil";"08013200";"";"";"";"1.000";"KGM";17/10/24 00:00:00,000000000
"7898954476384";"13";"casa das amêndoas";"GERGELIM BRANCO 1KG";"34634345000119";"https://cnpprod.blob.core.windows.net/imagesazurecontainer/22aec4fc-6d3f-411a-afcf-44483e54dd00.png";"Brasil";"Brasil";"12074090";"";"";"";"1.000";"KGM";17/10/24 00:00:00,000000000
"7898954476391";"13";"casa das amêndoas";"Gergelim Natural 500g";"34634345000119";"https://cnpprod.blob.core.windows.net/imagesazurecontainer/758ae2a3-8509-46df-852d-8fddfd0bbbfb.png";"Brasil";"Brasil";"12074090";"";"";"";"500.000";"GRM";17/10/24 00:00:00,000000000
"7898954476407";"13";"casa das amêndoas";"Gergelim preto 500g";"34634345000119";"https://cnpprod.blob.core.windows.net/imagesazurecontainer/ab483437-615c-411d-8692-985504bffd91.png";"Brasil";"Brasil";"12074090";"";"";"";"500.000";"GRM";17/10/24 00:00:00,000000000
"7899309639317";"13";"HERCULES MOTORES";"ROTOR USIN ESTATOR 63R 2P 1 3CV 230V 60HZ 1F";"07442711000165";"https://fts.mueller.ind.br/motores/605016205.JPG";"Brasil";"Brasil";"85030010";"";"";"";"2.000";"KGM";17/10/24 00:00:00,000000000
"7899309639324";"13";"HERCULES MOTORES";"ROTOR USIN ESTATOR 63R 2P 1 3CV 120V 60HZ 1F";"07442711000165";"https://fts.mueller.ind.br/motores/605016206.JPG";"Brasil";"Brasil";"85030010";"";"";"";"2.570";"KGM";17/10/24 00:00:00,000000000
"7899309639331";"13";"HERCULES MOTORES";"ROTOR USIN ESTATOR 63R 2P 1 2CV 220V 60HZ 1F";"07442711000165";"https://fts.mueller.ind.br/motores/605016207.JPG";"Brasil";"Brasil";"85030010";"";"";"";"2.250";"KGM";17/10/24 00:00:00,000000000
"7899309639348";"13";"HERCULES MOTORES";"ROTOR USIN ESTATOR 63R 2P 1 2CV 120V 60HZ 1F";"07442711000165";"https://fts.mueller.ind.br/motores/605016208.JPG";"Brasil";"Brasil";"85030010";"";"";"";"2.680";"KGM";17/10/24 00:00:00,000000000
"7899902961112";"13";"HIMAFLEX";"MANGUEIRA JARDIM NEW TRICOT HIMA 20 VERDE AMARELO 1 2 quot X 2 5 X 100 M";"07335416000100";"https://cnp30blob.blob.core.windows.net/cnp3files/087981e176ae8ebb04a427cebccbccf2444b598a6120cb2bcdb781f8b7d0dfd4.jpeg";"Brasil";"Brasil";"39173900";"";"";"";"0.165";"KGM";10/02/25 00:00:00,000000000
"7899902961129";"13";"HIMAFLEX";"MANGUEIRA JARDIM NEW TRICOT HIMA 20 VERDE AMARELO 1 2 quot X 2 5 X 300 M";"07335416000100";"https://cnp30blob.blob.core.windows.net/cnp3files/758e5741d46bac2ffe34aa166f60f55e6e6ff4b460d5761d87bcaa375835ae27.jpeg";"Brasil";"Brasil";"39173900";"";"";"";"0.165";"KGM";10/02/25 00:00:00,000000000
"7899902961136";"13";"HIMAFLEX";"MANGUEIRA JARDIM NEW TRICOT HIMA 20 AZUL BRANCO 1 2 quot X 2 5 X 50 M";"07335416000100";"https://cnp30blob.blob.core.windows.net/cnp3files/23cd18688393931177c2390eeca4659e1c090c9163faee12a0ace0f4002c03e9.jpeg";"Brasil";"Brasil";"39173900";"";"";"";"0.165";"KGM";10/02/25 00:00:00,000000000
"7899902961143";"13";"HIMAFLEX";"MANGUEIRA JARDIM NEW TRICOT HIMA 20 AZUL BRANCO 1 2 quot X 2 5 X 100 M";"07335416000100";"https://cnp30blob.blob.core.windows.net/cnp3files/52d2016adac00997e44c2d6e623161bd8089a294c08ed135828a9947f943a172.jpeg";"Brasil";"Brasil";"39173900";"";"";"";"0.165";"KGM";10/02/25 00:00:00,000000000
"7899902961150";"13";"HIMAFLEX";"MANGUEIRA JARDIM NEW TRICOT HIMA 20 AZUL BRANCO 1 2 quot X 2 5 X 300 M";"07335416000100";"https://cnp30blob.blob.core.windows.net/cnp3files/d13eb10fdd347984263ec46a5a7672a1d52089759c27e0f91392e9642edb4bdc.jpeg";"Brasil";"Brasil";"39173900";"";"";"";"0.165";"KGM";10/02/25 00:00:00,000000000
"7899902961167";"13";"HIMAFLEX";"MANGUEIRA JARDIM NEW TRICOT HIMA 20 PINK BRANCO 1 2 quot X 2 5 X 50 M";"07335416000100";"https://cnp30blob.blob.core.windows.net/cnp3files/6d7f8bfedcf319eec78ea9023f10f7c419b2b0ba9b8203ac0d394d0eb751e49e.jpeg";"Brasil";"Brasil";"39173900";"";"";"";"0.165";"KGM";10/02/25 00:00:00,000000000
"7899902961174";"13";"HIMAFLEX";"MANGUEIRA JARDIM NEW TRICOT HIMA 20 PINK BRANCO 1 2 quot X 2 5 X 100 M";"07335416000100";"https://cnp30blob.blob.core.windows.net/cnp3files/777e80f9551ecb2bb64ec361cb279b3a7e41658f1c29148ebbf1b097f96678d2.jpeg";"Brasil";"Brasil";"39173900";"";"";"";"0.165";"KGM";10/02/25 00:00:00,000000000
"7899902961181";"13";"HIMAFLEX";"MANGUEIRA JARDIM NEW TRICOT HIMA 20 PINK BRANCO 1 2 quot X 2 5 X 300 M";"07335416000100";"https://cnp30blob.blob.core.windows.net/cnp3files/c12fbf00305fd3cc436e3d947a6b5f9fd988438766113a2188405925e576caf8.jpeg";"Brasil";"Brasil";"39173900";"";"";"";"0.165";"KGM";10/02/25 00:00:00,000000000
"7899902961198";"13";"HIMAFLEX";"MANGUEIRA JARDIM NEW TRICOT HIMA 20 PINK PRETO 1 2 quot X 2 5 X 50 M";"07335416000100";"https://cnp30blob.blob.core.windows.net/cnp3files/186e2fe98accaf7a3175e148260918406432c23bd559e3027d5978ce088a8907.jpeg";"Brasil";"Brasil";"39173900";"";"";"";"0.165";"KGM";10/02/25 00:00:00,000000000
"7899902961204";"13";"HIMAFLEX";"MANGUEIRA JARDIM NEW TRICOT HIMA 20 PINK PRETO 1 2 quot X 2 5 X 100 M";"07335416000100";"https://cnp30blob.blob.core.windows.net/cnp3files/32b04a30f2329e1943da16428032d98635ccabebdde13d581b8f20b3d7c9a0f4.jpeg";"Brasil";"Brasil";"39173900";"";"";"";"0.165";"KGM";10/02/25 00:00:00,000000000
"7899902961211";"13";"HIMAFLEX";"MANGUEIRA JARDIM NEW TRICOT HIMA 20 PINK PRETO 1 2 quot X 2 5 X 300 M";"07335416000100";"https://cnp30blob.blob.core.windows.net/cnp3files/6ca50d1ea92bab9399e2c6228a890efdb3818a57149650212b902e93a7998bfa.jpeg";"Brasil";"Brasil";"39173900";"";"";"";"0.165";"KGM";10/02/25 00:00:00,000000000
"7899902961228";"13";"HIMAFLEX";"MANGUEIRA JARDIM NEW TRICOT HIMA 20 LARANJA 1 2 quot X 2 5 X 50 M";"07335416000100";"https://cnp30blob.blob.core.windows.net/cnp3files/d3679584d5c288ed5bc158f65abb9e9f603b41a3e2e951607d05f20d897e4a81.jpeg";"Brasil";"Brasil";"39173900";"";"";"";"0.165";"KGM";10/02/25 00:00:00,000000000
"7899902961235";"13";"HIMAFLEX";"MANGUEIRA JARDIM NEW TRICOT HIMA 20 LARANJA 1 2 quot X 2 5 X 100 M";"07335416000100";"https://cnp30blob.blob.core.windows.net/cnp3files/eb04b1606197501edeb481564b41d1cd9e0044fba4b791862159723a351ca152.jpeg";"Brasil";"Brasil";"39173900";"";"";"";"0.165";"KGM";10/02/25 00:00:00,000000000
"7899902961242";"13";"HIMAFLEX";"MANGUEIRA JARDIM NEW TRICOT HIMA 20 LARANJA 1 2 quot X 2 5 X 300 M";"07335416000100";"https://cnp30blob.blob.core.windows.net/cnp3files/184a366b8562fb4628f0ab6d7b72409d57f8db86a2dd45d8014bbbeccdf18ac4.jpeg";"Brasil";"Brasil";"39173900";"";"";"";"0.165";"KGM";10/02/25 00:00:00,000000000
"7899902961259";"13";"HIMAFLEX";"MANGUEIRA JARDIM NEW TRICOT HIMA 20 VERDE AMARELA 3 4 quot X 3 0 X 50 M";"07335416000100";"https://cnp30blob.blob.core.windows.net/cnp3files/217f2239eb5771673ec69f3903af59ad3ff143fa742918e4928fdedd61b0c996.jpeg";"Brasil";"Brasil";"39173900";"";"";"";"0.270";"KGM";10/02/25 00:00:00,000000000
"7899902961266";"13";"HIMAFLEX";"MANGUEIRA JARDIM NEW TRICOT HIMA 20 VERDE AMARELA 3 4 quot X 3 0 X 100 M";"07335416000100";"https://cnp30blob.blob.core.windows.net/cnp3files/3e766fd44fe3325b064b0caa8f8af6de9a776d561de802f4cd274ef8095ce453.jpeg";"Brasil";"Brasil";"39173900";"";"";"";"0.270";"KGM";10/02/25 00:00:00,000000000
"7899902961273";"13";"HIMAFLEX";"MANGUEIRA JARDIM NEW TRICOT HIMA 20 VERDE AMARELA 3 4 quot X 3 0 X 300 M";"07335416000100";"https://cnp30blob.blob.core.windows.net/cnp3files/b2667195df0519fda671e0dcf0d1b1cb10ae3ca9407c1aab93929192d7fd35b3.jpeg";"Brasil";"Brasil";"39173900";"";"";"";"0.270";"KGM";10/02/25 00:00:00,000000000
"7909107213517";"13";"CROMUS EMBALAGENS";"DEC PICK C FOLHAS ROS 30cm  C 1 UN";"73196644000170";"https://cnp30blob.blob.core.windows.net/cnp3files/20240115183205__file-0415fe3ae5b5c47b.jpg";"China";"Brasil";"67021000";"";"";"";"0.600";"KGM";10/02/25 00:00:00,000000000
"7909107213524";"13";"CROMUS EMBALAGENS";"DEC PICK C FOLHAS BCO 30cm  C 1 UN";"73196644000170";"https://cnp30blob.blob.core.windows.net/cnp3files/20240115183206__file-ac7667dd8d3cbb7b.jpg";"China";"Brasil";"67021000";"";"";"";"0.600";"KGM";10/02/25 00:00:00,000000000
"7909107213531";"13";"CROMUS EMBALAGENS";"DEC GALHOS MEDIO C FOLHAS FRUTAS BCO VRD MRR 43cm  C 1 UN";"73196644000170";"https://cnp30blob.blob.core.windows.net/cnp3files/20240115183207__file-e7b903897b3b5a9d.jpg";"China";"Brasil";"67021000";"";"";"";"0.600";"KGM";10/02/25 00:00:00,000000000
"7909107213548";"13";"CROMUS EMBALAGENS";"DEC GALHOS MEDIO NEVADO BCO VRD MRR 48cm  C 1 UN";"73196644000170";"https://cnp30blob.blob.core.windows.net/cnp3files/20240115183208__file-2bf4eedaaa3887f3.jpg";"China";"Brasil";"67021000";"";"";"";"0.600";"KGM";10/02/25 00:00:00,000000000
"7909107213555";"13";"CROMUS EMBALAGENS";"DEC GALHOS MEDIO C FOLHAS FRUTAS BCO VRD MRR 37cm  C 1 UN";"73196644000170";"https://cnp30blob.blob.core.windows.net/cnp3files/20240115183209__file-8b1fc43786b278b7.jpg";"China";"Brasil";"67021000";"";"";"";"0.600";"KGM";10/02/25 00:00:00,000000000
"7909107213562";"13";"CROMUS EMBALAGENS";"DEC PICK C FOLHAS FRUTAS MRR 33cm  C 1 UN";"73196644000170";"https://cnp30blob.blob.core.windows.net/cnp3files/20240115183210__file-bd978d7beb03e778.jpg";"China";"Brasil";"67021000";"";"";"";"0.600";"KGM";10/02/25 00:00:00,000000000
"7909107213579";"13";"CROMUS EMBALAGENS";"DEC GALHOS CURTO C FOLHAS FRUTAS CLR 24cm  C 1 UN";"73196644000170";"https://cnp30blob.blob.core.windows.net/cnp3files/20240115183211__file-8096ca7d2e1be980.jpg";"China";"Brasil";"67021000";"";"";"";"0.600";"KGM";10/02/25 00:00:00,000000000
"7909107213586";"13";"CROMUS EMBALAGENS";"DEC GALHOS MEDIO C FOLHAS FRUTAS CLR 36cm  C 1 UN";"73196644000170";"https://cnp30blob.blob.core.windows.net/cnp3files/20240115183212__file-477193832f2e2577.jpg";"China";"Brasil";"67021000";"";"";"";"0.600";"KGM";10/02/25 00:00:00,000000000
"7909107213593";"13";"CROMUS EMBALAGENS";"DEC PICK C FOLHAS CLR 26cm  C 1 UN";"73196644000170";"https://cnp30blob.blob.core.windows.net/cnp3files/20240115183213__file-8afd26eadc090965.jpg";"China";"Brasil";"67021000";"";"";"";"0.600";"KGM";10/02/25 00:00:00,000000000
"7909107213609";"13";"CROMUS EMBALAGENS";"DEC GALHOS CURTO C FOLHAS FRUTAS CLR 25cm  C 1 UN";"73196644000170";"https://cnp30blob.blob.core.windows.net/cnp3files/20240115183214__file-9fcb4ff157cf6884.jpg";"China";"Brasil";"67021000";"";"";"";"0.600";"KGM";10/02/25 00:00:00,000000000
"7909107213616";"13";"CROMUS EMBALAGENS";"DEC GALHOS MEDIO C FOLHAS FRUTAS CHA VRD MRR 44cm  C 1 UN";"73196644000170";"https://cnp30blob.blob.core.windows.net/cnp3files/20240115183215__file-75fcf1f57aae3f55.jpg";"China";"Brasil";"67021000";"";"";"";"0.600";"KGM";10/02/25 00:00:00,000000000
"7909107213623";"13";"CROMUS EMBALAGENS";"DEC GALHOS MEDIO NEVADO BCO VRD MRR 42cm  C 1 UN";"73196644000170";"https://cnp30blob.blob.core.windows.net/cnp3files/20240115183216__file-7924a2873eae6815.jpg";"China";"Brasil";"67021000";"";"";"";"0.600";"KGM";10/02/25 00:00:00,000000000
"7909107213630";"13";"CROMUS EMBALAGENS";"DEC GALHOS GRANDE C FOLHAS FRUTAS CHA 70cm  C 1 UN";"73196644000170";"https://cnp30blob.blob.core.windows.net/cnp3files/20240115183217__file-f019baa99f812bef.jpg";"China";"Brasil";"67021000";"";"";"";"0.600";"KGM";10/02/25 00:00:00,000000000
"7909107213647";"13";"CROMUS EMBALAGENS";"DEC GALHOS GRANDE C FOLHAS FRUTAS CHA VRD MRR 56cm  C 1 UN";"73196644000170";"https://cnp30blob.blob.core.windows.net/cnp3files/20240115183218__file-070fbd1571993add.jpg";"China";"Brasil";"67021000";"";"";"";"0.600";"KGM";10/02/25 00:00:00,000000000
"7909107213654";"13";"CROMUS EMBALAGENS";"DEC GALHOS CURTO C FOLHAS FRUTAS CHA 28cm  C 1 UN";"73196644000170";"https://cnp30blob.blob.core.windows.net/cnp3files/20240115183219__file-cf9258fb3772330d.jpg";"China";"Brasil";"67021000";"";"";"";"0.600";"KGM";10/02/25 00:00:00,000000000
"7898969955058";"13";"CROZETTA";"SUCO DE LARANJA INTEGRAL 1 5L";"41643985000150";"https://cnp30blob.blob.core.windows.net/cnp3files/5ffd106824409a378986b434922bf9ffef4113b9558db3f8cdcd71aeaedb9a39.jpeg";"Brasil";"Brasil";"20096900";"1701000";"";"";"2425.000";"GRM";10/02/25 00:00:00,000000000
"7898969955065";"13";"CROZETTA";"SUCO DE UVA ROSÉ INTEGRAL 1 5L";"41643985000150";"https://cnp30blob.blob.core.windows.net/cnp3files/b38e3910cd8d00f7d512ba4002247fe6461fa38b9d3c18c66938eba7dbe0e23f.jpeg";"Brasil";"Brasil";"20096900";"1701000";"";"";"2425.000";"GRM";10/02/25 00:00:00,000000000
"7898969955072";"13";"CROZETTA";"SUCO DE BANANA INTEGRAL 1L";"41643985000150";"https://cnp30blob.blob.core.windows.net/cnp3files/4888eff5061c5dbc347a147ddded28c3bbd1e43a2d700a5eb057174a152c68b0.jpeg";"Brasil";"Brasil";"20096900";"1701000";"";"";"1525.000";"GRM";11/02/25 00:00:00,000000000
"7898969955089";"13";"CROZETTA";"SUCO DE TANGERINA INTEGRAL 1L";"41643985000150";"https://cnp30blob.blob.core.windows.net/cnp3files/cea872225d16c077ae97094095ab2bf853120f9d36ec15f24f6d26491c142e43.jpeg";"Brasil";"Brasil";"20096900";"1701000";"";"";"1525.000";"GRM";11/02/25 00:00:00,000000000
"7908717915699";"13";"EGMOBILE";"Banqueta Alta Londres Pés Palito Kit 3 Peças Estofada Asfalto";"42891104000183";"https://cnp30blob.blob.core.windows.net/cnp3files/7bad966253821d68f71ab9e6dba4659e7ea3b33eb3a0b184d89dff91898ae98d.jpeg";"Brasil";"Brasil";"94018000";"";"";"";"16500.000";"KGM";10/02/25 00:00:00,000000000
"7908717915712";"13";"EGMOBILE";"Banqueta Alta Londres Pés Palito Kit 4 Peças Estofada Romã";"42891104000183";"https://cnp30blob.blob.core.windows.net/cnp3files/2cb457046afdb6530b93e4c170aae587d968f24c37b4f33297c8912aeb1e4736.jpeg";"Brasil";"Brasil";"94018000";"";"";"";"22000.000";"KGM";10/02/25 00:00:00,000000000
"7908717915736";"13";"EGMOBILE";"Banqueta Alta Londres Pés Palito Kit 4 Peças Estofada Asfalto";"42891104000183";"https://cnp30blob.blob.core.windows.net/cnp3files/7d86517e7daec25d29014ee0b8116c067ee86a20c5b5144e457a0468fec33eee.jpeg";"Brasil";"Brasil";"94018000";"";"";"";"22000.000";"KGM";10/02/25 00:00:00,000000000
"7908717915750";"13";"EGMOBILE";"Puff Thor Grande Redondo 50 cm LBG";"42891104000183";"https://cnp30blob.blob.core.windows.net/cnp3files/57a2e1654a0329cfc41f43ee73c4db82f249db9b3574c73a833297f4fcad7b2a.jpeg";"Brasil";"Brasil";"94018000";"";"";"";"6000.000";"KGM";10/02/25 00:00:00,000000000
"7908717915774";"13";"EGMOBILE";"Puff Thor Grande Redondo 50 cm LAZ";"42891104000183";"https://cnp30blob.blob.core.windows.net/cnp3files/87843bb0c3cc6ea20752b4645f2e2712e3831277a9839c5de23c016b3001ef5f.jpeg";"Brasil";"Brasil";"94018000";"";"";"";"6000.000";"KGM";11/02/25 00:00:00,000000000
"7908717915781";"13";"EGMOBILE";"Puff Thor Grande Redondo 50 cm 4 Pés Madeira PAI";"42891104000183";"https://cnp30blob.blob.core.windows.net/cnp3files/11919658e038faf21be03716c6f209262320d43027e666a8038c84cffe9c5af2.jpeg";"Brasil";"Brasil";"94018000";"";"";"";"6000.000";"KGM";11/02/25 00:00:00,000000000
"7908717915798";"13";"EGMOBILE";"Puff Thor Grande Redondo 50 cm 4 Pés Madeira SPT";"42891104000183";"https://cnp30blob.blob.core.windows.net/cnp3files/45532155d6f59b0c11393b049ed8b46e05b5b16932cb207aad00f1996b0148d2.jpeg";"Brasil";"Brasil";"94018000";"";"";"";"6000.000";"KGM";10/02/25 00:00:00,000000000
"7908717915811";"13";"EGMOBILE";"Puff Thor Grande Redondo 50 cm 4 Pés Madeira SCZ";"42891104000183";"https://cnp30blob.blob.core.windows.net/cnp3files/9319d2bd7537c49ad35e12089c4581808aa615edd1409f11c9c371fced7d95e8.jpeg";"Brasil";"Brasil";"94018000";"";"";"";"6000.000";"KGM";10/02/25 00:00:00,000000000
"7908053640835";"13";"Allmini";"Colher Aço Inox  Silicone";"37581110000102";"https://cnpprod.blob.core.windows.net/imagesazurecontainer/2986e339-a5ef-445e-a060-d2c9cd80faae.png";"Brasil";"Brasil";"73239300";"2806100";"";"";"10.100";"GRM";17/10/24 00:00:00,000000000
"7908053640842";"13";"Allmini";"Colher Aço Inox  Cerâmica";"37581110000102";"https://cnpprod.blob.core.windows.net/imagesazurecontainer/4b267b2d-2790-49ba-a6e1-4566188c3142.png";"República Popular da China";"Brasil";"73239300";"2806100";"";"";"10.100";"GRM";17/10/24 00:00:00,000000000
"7908053640859";"13";"Allmini";"Colher Aço Inox  Cerâmica";"37581110000102";"https://cnpprod.blob.core.windows.net/imagesazurecontainer/783eada0-009c-47a9-a1d9-20011f674443.png";"República Popular da China";"Brasil";"73239300";"2806100";"";"";"10.100";"GRM";17/10/24 00:00:00,000000000
"7899817059607";"13";"P amp J";"DOBR 26MM CURVA METAL HETTCHI";"05320354000137";"https://cnpprod.blob.core.windows.net/imagesazurecontainer/ca9b95ce-5ecb-42e3-813b-1fca4cbbc751.PNG";"Brasil";"Brasil";"83021000";"";"";"";"34.500";"GRM";17/10/24 00:00:00,000000000
"7900026524661";"13";"HIGHSTIL";"POLO MC CASUAL M MALHA C ELASTANO HS S PETROLEO  MARINHO P";"62439211000182";"https://cnp30blob.blob.core.windows.net/cnp3files/85df9af8bbbd1bfc06bccea982c23b9e437052ec04329dd1913e3b122fd06dee.jpeg";"Brasil";"Brasil";"61052000";"";"";"";"0.280";"KGM";10/02/25 00:00:00,000000000
"7900026524678";"13";"HIGHSTIL";"POLO MC CASUAL M MALHA C ELASTANO HS S PETROLEO  MARINHO M";"62439211000182";"https://cnp30blob.blob.core.windows.net/cnp3files/85df9af8bbbd1bfc06bccea982c23b9e437052ec04329dd1913e3b122fd06dee.jpeg";"Brasil";"Brasil";"61052000";"";"";"";"0.280";"KGM";10/02/25 00:00:00,000000000
"7900026524685";"13";"HIGHSTIL";"POLO MC CASUAL M MALHA C ELASTANO HS S PETROLEO  MARINHO G";"62439211000182";"https://cnp30blob.blob.core.windows.net/cnp3files/85df9af8bbbd1bfc06bccea982c23b9e437052ec04329dd1913e3b122fd06dee.jpeg";"Brasil";"Brasil";"61052000";"";"";"";"0.280";"KGM";10/02/25 00:00:00,000000000
"7899817059614";"13";"P amp J";"DOBR 26MM CURVA METAL HETTICH KIT C 1";"05320354000137";"https://cnpprod.blob.core.windows.net/imagesazurecontainer/ca9b95ce-5ecb-42e3-813b-1fca4cbbc751.PNG";"Brasil";"Brasil";"83021000";"";"";"";"44.500";"GRM";17/10/24 00:00:00,000000000
"7899817059621";"13";"P amp J";"DOBR 26MM CURVA METAL HETTICH KIT C 2";"05320354000137";"https://cnpprod.blob.core.windows.net/imagesazurecontainer/ca9b95ce-5ecb-42e3-813b-1fca4cbbc751.PNG";"Brasil";"Brasil";"83021000";"";"";"";"88.100";"GRM";17/10/24 00:00:00,000000000
"7899817059638";"13";"P amp J";"DOBR 26MM CURVA METAL HT KIT C 1";"05320354000137";"https://cnpprod.blob.core.windows.net/imagesazurecontainer/ca9b95ce-5ecb-42e3-813b-1fca4cbbc751.PNG";"Brasil";"Brasil";"83021000";"";"";"";"44.500";"GRM";17/10/24 00:00:00,000000000
"7899817059645";"13";"P amp J";"DOBR 26MM CURVA METAL HT KIT C 2";"05320354000137";"https://cnpprod.blob.core.windows.net/imagesazurecontainer/ca9b95ce-5ecb-42e3-813b-1fca4cbbc751.PNG";"Brasil";"Brasil";"83021000";"";"";"";"88.100";"GRM";17/10/24 00:00:00,000000000
"7900026524708";"13";"HIGHSTIL";"POLO MC CASUAL M MALHA C ELASTANO HS PETROLEO  MARINHO SGG";"62439211000182";"https://cnp30blob.blob.core.windows.net/cnp3files/85df9af8bbbd1bfc06bccea982c23b9e437052ec04329dd1913e3b122fd06dee.jpeg";"Brasil";"Brasil";"61052000";"";"";"";"0.280";"KGM";10/02/25 00:00:00,000000000
"7900026524692";"13";"HIGHSTIL";"POLO MC CASUAL M MALHA C ELASTANO HS PETROLEO  MARINHO GG";"62439211000182";"https://cnp30blob.blob.core.windows.net/cnp3files/85df9af8bbbd1bfc06bccea982c23b9e437052ec04329dd1913e3b122fd06dee.jpeg";"Brasil";"Brasil";"61052000";"";"";"";"0.280";"KGM";10/02/25 00:00:00,000000000
"7900026524715";"13";"HIGHSTIL";"POLO MC CASUAL M MALHA C ELASTANO H PETROLEO  MARINHO SXGG";"62439211000182";"https://cnp30blob.blob.core.windows.net/cnp3files/85df9af8bbbd1bfc06bccea982c23b9e437052ec04329dd1913e3b122fd06dee.jpeg";"Brasil";"Brasil";"61052000";"";"";"";"0.280";"KGM";10/02/25 00:00:00,000000000
"17897613200268";"14";"Guaraciaba";"Caixa Cachaça Extra Premium Carvalho Francês";"16871618000167";"https://cnp30blob.blob.core.windows.net/cnp3files/a613bc60a14d1d973768afebadbe1301431995846d55cfc69c6359a2862c00b6.jpeg";"Brasil";"Brasil";"22084000";"0200400";"";"";"2.000";"GRM";10/02/25 00:00:00,000000000
"17898418140049";"14";"Divina Mesa";"AZEITONA S C DIVINA MESA POUCH";"20404317000109";"https://cnp30blob.blob.core.windows.net/cnp3files/f4a55c010c5aa87d77bbd092fa6b6634da504472b1e4abc454373596a51815fc.jpeg";"Brasil";"Brasil";"20057000";"1709200";"";"";"5.000";"KGM";10/02/25 00:00:00,000000000
"7898636731305";"13";"9GPLASTIC";"MINI MALETA DE PS CRISTAL";"13290686000144";"https://cnp30blob.blob.core.windows.net/cnp3files/64759d28d88bb8480cbeb5be01303c65d00ad306175240bc9ec499cf9b57fcb6.jpeg";"Brasil";"Brasil";"39031900";"";"";"";"92.000";"GRM";10/02/25 00:00:00,000000000
"7908061527647";"13";"Emplav";"Saco Plástico 25 cm x 45 cm x 0 05 SANFONADO NO FUNDO";"07647253000109";"https://cnp30blob.blob.core.windows.net/cnp3files/1fd91bc2f316b77c5c622cac5556258a94d54fad06006fc5e06c03323bed18db.jpeg";"Brasil";"Brasil";"39233090";"";"";"";"1.000";"KGM";10/02/25 00:00:00,000000000
"7908284798053";"13";"VEST CASA";"BONE SORTIDO LD";"54508031000187";"https://cnp30blob.blob.core.windows.net/cnp3files/31fb76cfb5049da1cfb40c43ccfdf4e435f22ac736876a4acba995d74a9dd26b.jpeg";"Brasil";"Brasil";"65050012";"";"";"";"1.000";"KGM";10/02/25 00:00:00,000000000
"7908284798060";"13";"VEST CASA";"BANDEJA DE MADEIRA SORT LD";"54508031000187";"https://cnp30blob.blob.core.windows.net/cnp3files/5f4c7da34b4e1ed45778d3ce07b8d9332e5ef132c30ca4c1fa1bd6cb8b6c2cba.jpeg";"Brasil";"Brasil";"44201900";"";"";"";"1.000";"KGM";10/02/25 00:00:00,000000000
"7898942285561";"13";"SEM DESCRIÇÃO";"BR 1 4 CD OFF VERDE 48F";"07670739000150";"https://cnp30blob.blob.core.windows.net/cnp3files/e54c41c9ceed5d067e34b27564e0fc2246b209a11ad036af7d60a7246b7bce42.png";"Brasil";"Brasil";"48202000";"1902100";"";"";"0.137";"KGM";10/02/25 00:00:00,000000000
"7898942285578";"13";"SEM DESCRIÇÃO";"BR 1 4 CD OFF AMARELO 48F";"07670739000150";"https://cnp30blob.blob.core.windows.net/cnp3files/b62b8188e917254bc4c2f82317564f607151f4c3a7d798bec7c8ee2342604731.png";"Brasil";"Brasil";"48202000";"1902100";"";"";"0.137";"KGM";10/02/25 00:00:00,000000000
"7898942285585";"13";"SEM DESCRIÇÃO";"BR 1 4 CD OFF AZUL 48F";"07670739000150";"https://cnp30blob.blob.core.windows.net/cnp3files/bcc3d2063a27053bbc7ca89974f028423c87c01d322a48fd4058b78969150d79.png";"Brasil";"Brasil";"48202000";"1902100";"";"";"0.137";"KGM";10/02/25 00:00:00,000000000
"7898942285592";"13";"SEM DESCRIÇÃO";"BR 1 4 CD OFF VERMELHO 48F";"07670739000150";"https://cnp30blob.blob.core.windows.net/cnp3files/38620f0f1e34d12b9e868b94a05ab992685289296f252adc721091c6babdd70d.png";"Brasil";"Brasil";"48202000";"1902100";"";"";"0.137";"KGM";10/02/25 00:00:00,000000000
"7898942285608";"13";"SEM DESCRIÇÃO";"BR 1 4 CD OFF PRETO 48F";"07670739000150";"https://cnp30blob.blob.core.windows.net/cnp3files/b7376b470d243da416f438a812774ce155150dd591f903c8add3b43324657089.png";"Brasil";"Brasil";"48202000";"1902100";"";"";"0.137";"KGM";10/02/25 00:00:00,000000000
"7898942285622";"13";"SEM DESCRIÇÃO";"BR 1 4 CD OFF AMARELO 80F";"07670739000150";"https://cnp30blob.blob.core.windows.net/cnp3files/8b7d79bd039880d17a3f93506d593e426771f651bad4f55408e8cec6c87e4528.png";"Brasil";"Brasil";"48202000";"1902100";"";"";"0.179";"KGM";10/02/25 00:00:00,000000000
"7898942285615";"13";"SEM DESCRIÇÃO";"BR 1 4 CD OFF VERDE 80F";"07670739000150";"https://cnp30blob.blob.core.windows.net/cnp3files/9ae1f197beea59f8eb2c92a1930c0e3e2746652c0c0e036ecc0a107758bdd124.png";"Brasil";"Brasil";"48202000";"1902100";"";"";"0.179";"KGM";10/02/25 00:00:00,000000000
"7898942285639";"13";"SEM DESCRIÇÃO";"BR 1 4 CD OFF AZUL 80F";"07670739000150";"https://cnp30blob.blob.core.windows.net/cnp3files/49b76ec5e407ac4b89d4ea315db61de7004bb014ce7dca03311b4cccc403bd77.png";"Brasil";"Brasil";"48202000";"1902100";"";"";"0.179";"KGM";10/02/25 00:00:00,000000000
"7898942285646";"13";"SEM DESCRIÇÃO";"BR 1 4 CD OFF VERMELHO 80F";"07670739000150";"https://cnp30blob.blob.core.windows.net/cnp3files/a0f8b54575a2d017a21a58c2957c6099d24d27c084753c17a0383d4b711b4ee7.png";"Brasil";"Brasil";"48202000";"1902100";"";"";"0.179";"KGM";10/02/25 00:00:00,000000000
"7898942285653";"13";"SEM DESCRIÇÃO";"BR 1 4 CD OFF PRETO 80F";"07670739000150";"https://cnp30blob.blob.core.windows.net/cnp3files/4700269502e3c347ae9904b21e7222fd53fc4c28b293f0c4751263d35b0873e6.png";"Brasil";"Brasil";"48202000";"1902100";"";"";"0.179";"KGM";10/02/25 00:00:00,000000000
